[
  {
    "id": "abandon::放棄；遺棄",
    "en": "abandon",
    "zh": "放棄；遺棄",
    "pos": "v.",
    "tags": [
      "7000單",
      "學測"
    ]
  },
  {
    "id": "efficient::有效率的",
    "en": "efficient",
    "zh": "有效率的",
    "pos": "adj.",
    "tags": [
      "學測",
      "7000單"
    ]
  },
  {
    "id": "expand::擴張；擴大",
    "en": "expand",
    "zh": "擴張；擴大",
    "pos": "v.",
    "tags": [
      "學測",
      "7000單"
    ]
  },
  {
    "id": "poverty::貧窮",
    "en": "poverty",
    "zh": "貧窮",
    "pos": "n.",
    "tags": [
      "學測",
      "7000單"
    ]
  },
  {
    "id": "consume::消耗；吃；喝",
    "en": "consume",
    "zh": "消耗；吃；喝",
    "pos": "v.",
    "tags": [
      "學測",
      "7000單"
    ]
  },
  {
    "id": "evidence::證據；跡象",
    "en": "evidence",
    "zh": "證據；跡象",
    "pos": "n.",
    "tags": [
      "學測",
      "7000單"
    ]
  },
  {
    "id": "reduce::減少；降低",
    "en": "reduce",
    "zh": "減少；降低",
    "pos": "v.",
    "tags": [
      "學測",
      "7000單"
    ]
  },
  {
    "id": "persuade::說服",
    "en": "persuade",
    "zh": "說服",
    "pos": "v.",
    "tags": [
      "學測",
      "7000單"
    ]
  },
  {
    "id": "precise::精確的；準確的",
    "en": "precise",
    "zh": "精確的；準確的",
    "pos": "adj.",
    "tags": [
      "學測",
      "7000單"
    ]
  },
  {
    "id": "reliable::可靠的；可信賴的",
    "en": "reliable",
    "zh": "可靠的；可信賴的",
    "pos": "adj.",
    "tags": [
      "學測",
      "7000單"
    ]
  },
  {
    "id": "vital::極其重要的；攸關生死的",
    "en": "vital",
    "zh": "極其重要的；攸關生死的",
    "pos": "adj.",
    "tags": [
      "學測",
      "7000單"
    ]
  },
  {
    "id": "priority::優先事項；優先權",
    "en": "priority",
    "zh": "優先事項；優先權",
    "pos": "n.",
    "tags": [
      "學測",
      "7000單"
    ]
  },
  {
    "id": "invoice::發票；發貨單",
    "en": "invoice",
    "zh": "發票；發貨單",
    "pos": "n.",
    "tags": [
      "多益"
    ]
  },
  {
    "id": "revenue::收入；稅收",
    "en": "revenue",
    "zh": "收入；稅收",
    "pos": "n.",
    "tags": [
      "多益"
    ]
  },
  {
    "id": "deadline::截止日期",
    "en": "deadline",
    "zh": "截止日期",
    "pos": "n.",
    "tags": [
      "多益"
    ]
  },
  {
    "id": "warehouse::倉庫",
    "en": "warehouse",
    "zh": "倉庫",
    "pos": "n.",
    "tags": [
      "多益"
    ]
  },
  {
    "id": "conference::會議；研討會",
    "en": "conference",
    "zh": "會議；研討會",
    "pos": "n.",
    "tags": [
      "多益"
    ]
  },
  {
    "id": "promotion::升遷；促銷",
    "en": "promotion",
    "zh": "升遷；促銷",
    "pos": "n.",
    "tags": [
      "多益"
    ]
  },
  {
    "id": "resignation::辭職；辭呈",
    "en": "resignation",
    "zh": "辭職；辭呈",
    "pos": "n.",
    "tags": [
      "多益"
    ]
  },
  {
    "id": "shipment::運輸；裝運",
    "en": "shipment",
    "zh": "運輸；裝運",
    "pos": "n.",
    "tags": [
      "多益"
    ]
  },
  {
    "id": "hypothesis::假說；假設",
    "en": "hypothesis",
    "zh": "假說；假設",
    "pos": "n.",
    "tags": [
      "托福"
    ]
  },
  {
    "id": "phenomenon::現象",
    "en": "phenomenon",
    "zh": "現象",
    "pos": "n.",
    "tags": [
      "托福"
    ]
  },
  {
    "id": "sediment::沉積物",
    "en": "sediment",
    "zh": "沉積物",
    "pos": "n.",
    "tags": [
      "托福"
    ]
  },
  {
    "id": "ecosystem::生態系",
    "en": "ecosystem",
    "zh": "生態系",
    "pos": "n.",
    "tags": [
      "托福"
    ]
  },
  {
    "id": "photosynthesis::光合作用",
    "en": "photosynthesis",
    "zh": "光合作用",
    "pos": "n.",
    "tags": [
      "托福"
    ]
  },
  {
    "id": "metamorphosis::變態；變形",
    "en": "metamorphosis",
    "zh": "變態；變形",
    "pos": "n.",
    "tags": [
      "托福"
    ]
  },
  {
    "id": "astronomy::天文學",
    "en": "astronomy",
    "zh": "天文學",
    "pos": "n.",
    "tags": [
      "托福"
    ]
  },
  {
    "id": "quantitative::定量的",
    "en": "quantitative",
    "zh": "定量的",
    "pos": "adj.",
    "tags": [
      "托福"
    ]
  },
  {
    "id": "thermodynamics::熱力學",
    "en": "thermodynamics",
    "zh": "熱力學",
    "pos": "n.",
    "tags": [
      "托福"
    ]
  },
  {
    "id": "alleviate::緩和；減輕",
    "en": "alleviate",
    "zh": "緩和；減輕",
    "pos": "v.",
    "tags": [
      "7000單"
    ]
  },
  {
    "id": "ubiquitous::無所不在的",
    "en": "ubiquitous",
    "zh": "無所不在的",
    "pos": "adj.",
    "tags": [
      "7000單"
    ]
  },
  {
    "id": "meticulous::一絲不苟的；極為仔細的",
    "en": "meticulous",
    "zh": "一絲不苟的；極為仔細的",
    "pos": "adj.",
    "tags": [
      "7000單"
    ]
  },
  {
    "id": "adolescent::青少年的；青少年",
    "en": "adolescent",
    "zh": "青少年的；青少年",
    "pos": "adj./n.",
    "tags": [
      "7000單"
    ]
  },
  {
    "id": "zealous::熱情的；熱心的",
    "en": "zealous",
    "zh": "熱情的；熱心的",
    "pos": "adj.",
    "tags": [
      "7000單"
    ]
  },
  {
    "id": "pragmatic::務實的",
    "en": "pragmatic",
    "zh": "務實的",
    "pos": "adj.",
    "tags": [
      "7000單"
    ]
  },
  {
    "id": "ambiguous::模稜兩可的",
    "en": "ambiguous",
    "zh": "模稜兩可的",
    "pos": "adj.",
    "tags": [
      "7000單"
    ]
  },
  {
    "id": "resilient::有彈性的；能復原的",
    "en": "resilient",
    "zh": "有彈性的；能復原的",
    "pos": "adj.",
    "tags": [
      "7000單"
    ]
  },
  {
    "id": "coherent::連貫的；前後一致的",
    "en": "coherent",
    "zh": "連貫的；前後一致的",
    "pos": "adj.",
    "tags": [
      "7000單"
    ]
  },
  {
    "id": "discrepancy::差異；不一致",
    "en": "discrepancy",
    "zh": "差異；不一致",
    "pos": "n.",
    "tags": [
      "7000單"
    ]
  },
  {
    "id": "feasible::可行的；行得通的",
    "en": "feasible",
    "zh": "可行的；行得通的",
    "pos": "adj.",
    "tags": [
      "7000單"
    ]
  },
  {
    "id": "prevalent::普遍的；盛行的",
    "en": "prevalent",
    "zh": "普遍的；盛行的",
    "pos": "adj.",
    "tags": [
      "7000單"
    ]
  },
  {
    "id": "make ends meet::勉強糊口",
    "en": "make ends meet",
    "zh": "勉強糊口",
    "pos": "phr.",
    "tags": [
      "學測",
      "7000單"
    ]
  },
  {
    "id": "call it a day::收工；到此為止",
    "en": "call it a day",
    "zh": "收工；到此為止",
    "pos": "phr.",
    "tags": [
      "多益",
      "7000單"
    ]
  },
  {
    "id": "in the long run::長期而言",
    "en": "in the long run",
    "zh": "長期而言",
    "pos": "phr.",
    "tags": [
      "托福",
      "7000單"
    ]
  },
  {
    "id": "scarcity::稀少；缺乏",
    "en": "scarcity",
    "zh": "稀少；缺乏",
    "pos": "n.",
    "tags": [
      "托福",
      "學測"
    ]
  },
  {
    "id": "allocate::分配；撥出",
    "en": "allocate",
    "zh": "分配；撥出",
    "pos": "v.",
    "tags": [
      "多益",
      "托福"
    ]
  },
  {
    "id": "mitigate::緩解；減輕",
    "en": "mitigate",
    "zh": "緩解；減輕",
    "pos": "v.",
    "tags": [
      "7000單",
      "托福"
    ]
  }
]